<?xml version="1.0" encoding="UTF-8"?><?xml-stylesheet type='text/xsl' href='_UpgradeReport_Files/UpgradeReport.xslt'?><UpgradeLog>
<Properties><Property Name="Solution" Value="LipingShareTest">
</Property><Property Name="Solution File" Value="C:\Projects\ASN1Editor\Source\LipingShareTest.sln">
</Property><Property Name="Date" Value="Saturday, March 17, 2007">
</Property><Property Name="Time" Value="10:39 AM">
</Property><Property Name="Log Number" Value="3">
</Property></Properties><Event ErrorLevel="0" Project="LCLib" Source="LCLib\LCLib.csproj" Description="The project file does not require conversion.">
</Event><Event ErrorLevel="3" Project="LCLib" Source="LCLib\LCLib.csproj" Description="No Conversion Required">
</Event><Event ErrorLevel="0" Project="DataConverter" Source="DataConverter\DataConverter.csproj" Description="The project file does not require conversion.">
</Event><Event ErrorLevel="3" Project="DataConverter" Source="DataConverter\DataConverter.csproj" Description="No Conversion Required">
</Event><Event ErrorLevel="0" Project="TestApp" Source="TestApp\TestApp.csproj" Description="Project converted successfully">
</Event><Event ErrorLevel="3" Project="TestApp" Source="TestApp\TestApp.csproj" Description="Converted">
</Event><Event ErrorLevel="0" Project="Asn1Editor" Source="Asn1Editor\Asn1Editor.csproj" Description="The project file does not require conversion.">
</Event><Event ErrorLevel="3" Project="Asn1Editor" Source="Asn1Editor\Asn1Editor.csproj" Description="No Conversion Required">
</Event><Event ErrorLevel="0" Project="" Source="LipingShareTest.sln" Description="Solution converted successfully">
</Event><Event ErrorLevel="3" Project="" Source="LipingShareTest.sln" Description="Converted">
</Event><Event ErrorLevel="0" Project="TestApp" Source="TestApp\TestApp.csproj" Description="Scan complete: Upgrade not required for project files.">
</Event></UpgradeLog>